game_date,inning,at_bat_number,pitch_number,pitch_type,pitch_name,release_speed,release_spin_rate,release_pos_x,release_pos_z,pfx_x,pfx_z,plate_x,plate_z,sz_top,sz_bot,stand,balls,strikes,description,events,launch_speed
2026-08-10,1,1,1,SI,Sinker,97.3,2293,1.53,6.28,0.82,1.32,-0.891,1.956,3.18,1.61,R,0,0,called_strike,,
2026-08-10,1,1,2,CH,Changeup,86.4,1924,1.71,6.14,0.93,0.64,-0.159,1.465,3.18,1.61,R,0,1,swinging_strike,,
2026-08-10,1,1,3,CH,Changeup,89.3,1997,2.0,6.09,1.06,0.62,0.963,2.032,3.18,1.61,R,0,2,ball,,
2026-08-10,1,1,4,FF,4-Seam Fastball,98.5,2447,1.48,6.38,0.06,1.45,-0.353,2.891,3.18,1.61,R,1,2,hit_into_play,single,68.2
2026-08-10,1,2,1,CH,Changeup,87.8,1986,2.09,6.1,1.1,0.33,0.437,1.426,3.24,1.63,R,0,0,hit_into_play,force_out,100.2
2026-08-10,1,3,1,CU,Curveball,80.5,2530,1.78,6.32,-0.63,-0.42,0.476,3.836,3.4,1.72,L,0,0,ball,,
2026-08-10,1,3,2,SI,Sinker,96.3,2214,1.85,6.23,1.04,0.95,1.268,2.677,3.4,1.72,L,1,0,foul,,55.9
2026-08-10,1,3,3,SI,Sinker,97.3,2288,1.67,6.18,1.06,0.94,-0.155,2.397,3.4,1.72,L,1,1,called_strike,,
2026-08-10,1,3,4,SI,Sinker,98.3,2307,1.72,6.16,1.26,0.95,0.51,3.347,3.4,1.72,L,1,2,foul,,65.5
2026-08-10,1,3,5,CH,Changeup,90.9,1890,1.84,6.04,1.17,0.2,-0.702,0.562,3.4,1.72,L,1,2,blocked_ball,,
2026-08-10,1,3,6,CH,Changeup,89.0,1925,2.15,6.06,1.23,0.38,0.014,0.971,3.4,1.72,L,2,2,foul,,
2026-08-10,1,3,7,CH,Changeup,88.3,1911,1.94,6.06,1.2,0.45,-0.315,1.82,3.4,1.72,L,2,2,foul,,87.4
2026-08-10,1,3,8,SI,Sinker,97.8,2160,1.78,6.16,1.05,0.79,0.378,2.888,3.4,1.72,L,2,2,hit_into_play,single,94.9
2026-08-10,1,4,1,CH,Changeup,86.7,1889,2.13,6.0,0.96,0.12,0.194,1.81,3.31,1.67,R,0,0,called_strike,,
2026-08-10,1,4,2,SI,Sinker,96.9,2220,1.77,6.23,1.11,0.81,0.977,4.425,3.31,1.67,R,0,1,ball,,
2026-08-10,1,4,3,SI,Sinker,96.7,2247,1.69,6.15,1.15,0.79,0.435,2.551,3.31,1.67,R,1,1,swinging_strike,,
2026-08-10,1,4,4,FF,4-Seam Fastball,96.1,2226,1.61,6.44,-0.03,1.26,-0.003,5.328,3.31,1.67,R,1,2,ball,,
2026-08-10,1,4,5,CH,Changeup,88.1,1972,1.81,6.07,1.16,0.23,0.055,0.884,3.31,1.67,R,2,2,hit_into_play,grounded_into_double_play,108.6
2026-08-10,2,9,1,SI,Sinker,95.8,2296,1.78,6.2,1.02,1.03,0.531,2.617,3.19,1.61,L,0,0,hit_into_play,field_out,95.2
2026-08-10,2,10,1,SI,Sinker,96.6,2277,1.91,6.15,0.98,0.91,-0.238,3.357,3.21,1.62,R,0,0,ball,,
2026-08-10,2,10,2,SL,Slider,87.6,2232,1.98,6.18,-0.36,0.26,0.084,2.497,3.21,1.62,R,1,0,called_strike,,
2026-08-10,2,10,3,CH,Changeup,86.5,1936,2.1,6.07,0.7,0.38,0.179,1.497,3.21,1.62,R,1,1,swinging_strike,,
2026-08-10,2,10,4,CH,Changeup,87.9,1952,2.26,5.93,1.14,0.31,0.422,1.16,3.21,1.62,R,1,2,ball,,
2026-08-10,2,10,5,SI,Sinker,97.5,2201,1.72,6.18,1.06,1.05,-0.491,2.734,3.21,1.62,R,2,2,foul,,62.8
2026-08-10,2,10,6,FF,4-Seam Fastball,97.7,2323,1.45,6.36,0.25,1.32,0.419,3.343,3.21,1.62,R,2,2,foul,,83.0
2026-08-10,2,10,7,CH,Changeup,88.6,1951,2.05,6.02,1.14,0.52,-0.148,1.346,3.21,1.62,R,2,2,foul,,45.3
2026-08-10,2,10,8,CH,Changeup,89.0,1937,2.2,5.94,1.31,0.68,-0.015,0.608,3.21,1.62,R,2,2,ball,,
2026-08-10,2,10,9,SI,Sinker,97.3,2093,1.81,6.18,1.03,0.91,0.439,3.463,3.21,1.62,R,3,2,ball,walk,
2026-08-10,2,11,1,SI,Sinker,96.4,2242,1.86,6.12,1.12,0.89,0.449,3.578,3.2,1.61,L,0,0,ball,,
2026-08-10,2,11,2,SI,Sinker,95.3,2195,1.95,6.13,1.12,0.89,0.328,2.821,3.2,1.61,L,1,0,foul,,51.1
2026-08-10,2,11,3,CH,Changeup,86.6,1770,2.14,5.95,1.08,0.48,0.96,1.587,3.2,1.61,L,1,1,foul,,90.4
2026-08-10,2,11,4,CH,Changeup,88.9,1825,2.05,6.01,1.3,0.23,1.067,1.64,3.2,1.61,L,1,2,swinging_strike,strikeout,
2026-08-10,2,12,1,SI,Sinker,96.7,2161,1.8,6.16,0.95,0.97,0.903,4.181,3.01,1.52,R,0,0,ball,,
2026-08-10,2,12,2,SI,Sinker,95.1,2153,1.66,6.17,1.2,0.73,-0.714,1.526,3.01,1.52,R,1,0,called_strike,,
2026-08-10,2,12,3,CH,Changeup,86.1,1813,2.23,6.02,1.08,0.27,1.547,1.868,3.01,1.52,R,1,1,ball,,
2026-08-10,2,12,4,SL,Slider,89.0,2223,2.2,6.05,-0.51,0.39,-0.042,2.918,3.01,1.52,R,2,1,foul,,62.2
2026-08-10,2,12,5,SI,Sinker,97.2,2215,1.75,6.05,1.12,0.86,-0.22,1.529,3.01,1.52,R,2,2,foul,,86.7
2026-08-10,2,12,6,FF,4-Seam Fastball,96.7,2287,1.59,6.31,0.29,1.29,0.048,3.221,3.01,1.52,R,2,2,swinging_strike,strikeout,
2026-08-10,3,17,1,SI,Sinker,96.2,2201,1.9,6.2,0.91,0.99,-0.05,2.593,3.11,1.57,L,0,0,called_strike,,
2026-08-10,3,17,2,CU,Curveball,78.5,2536,1.83,6.28,-0.67,-0.44,1.081,2.691,3.11,1.57,L,0,1,ball,,
2026-08-10,3,17,3,SI,Sinker,94.9,2119,1.84,6.1,1.0,0.92,0.06,2.292,3.11,1.57,L,1,1,foul,,81.1
2026-08-10,3,17,4,FF,4-Seam Fastball,98.1,2380,1.63,6.39,0.09,1.57,0.685,1.491,3.11,1.57,L,1,2,ball,,
2026-08-10,3,17,5,CH,Changeup,87.3,1856,2.14,6.08,1.29,0.35,-1.477,0.48,3.11,1.57,L,2,2,ball,,
2026-08-10,3,17,6,SI,Sinker,95.9,2066,2.05,6.11,0.92,1.0,-0.047,2.457,3.11,1.57,L,3,2,hit_into_play,field_out,73.1
2026-08-10,3,18,1,CH,Changeup,86.2,1693,2.09,6.08,1.0,0.84,-0.139,2.439,3.18,1.61,R,0,0,foul,,70.5
2026-08-10,3,18,2,SI,Sinker,97.1,2163,1.8,6.09,1.21,1.0,0.15,2.712,3.18,1.61,R,0,1,hit_into_play,double,103.1
2026-08-10,3,19,1,SI,Sinker,96.3,2133,1.7,6.18,0.96,1.03,-1.014,2.964,3.24,1.63,R,0,0,ball,,
2026-08-10,3,19,2,FF,4-Seam Fastball,95.9,2295,1.81,6.43,0.46,1.41,1.008,4.237,3.24,1.63,R,1,0,ball,,
2026-08-10,3,19,3,SL,Slider,90.8,2201,2.28,6.12,-0.38,0.44,-0.388,1.454,3.24,1.63,R,2,0,ball,,
2026-08-10,3,19,4,SI,Sinker,96.6,2152,1.82,6.22,1.11,1.1,0.007,2.353,3.24,1.63,R,3,0,called_strike,,
2026-08-10,3,19,5,CH,Changeup,86.2,1765,2.24,6.01,1.3,0.38,-0.32,1.822,3.24,1.63,R,3,1,foul,,61.9
2026-08-10,3,19,6,FF,4-Seam Fastball,96.6,2215,1.82,6.37,0.29,1.36,0.462,4.293,3.24,1.63,R,3,2,swinging_strike,strikeout,
2026-08-10,3,20,1,CU,Curveball,80.4,2509,1.99,6.28,-0.68,-0.27,0.473,2.725,3.4,1.72,L,0,0,called_strike,,
2026-08-10,3,20,2,SI,Sinker,97.7,2178,1.63,6.29,1.03,1.0,0.886,1.754,3.4,1.72,L,0,1,swinging_strike,,
2026-08-10,3,20,3,CH,Changeup,87.6,1804,2.27,6.08,1.1,0.35,0.299,1.656,3.4,1.72,L,0,2,foul,,93.7
2026-08-10,3,20,4,FF,4-Seam Fastball,97.9,2398,1.66,6.29,0.24,1.33,-0.346,2.886,3.4,1.72,L,0,2,foul,,
2026-08-10,3,20,5,SL,Slider,91.5,2285,2.15,6.09,-0.22,0.39,-0.083,2.659,3.4,1.72,L,0,2,hit_into_play,home_run,110.8
2026-08-10,3,21,1,SI,Sinker,98.1,2220,1.6,6.18,1.18,0.93,0.068,2.919,3.31,1.67,R,0,0,foul,,76.1
2026-08-10,3,21,2,CH,Changeup,88.2,1864,2.11,6.1,1.05,0.19,1.821,2.293,3.31,1.67,R,0,1,ball,,
2026-08-10,3,21,3,SL,Slider,93.3,2150,2.19,6.07,-0.21,0.59,0.442,2.292,3.31,1.67,R,1,1,foul_tip,,
2026-08-10,3,21,4,FF,4-Seam Fastball,97.6,2423,1.69,6.33,0.52,1.49,0.484,3.976,3.31,1.67,R,1,2,swinging_strike,strikeout,
2026-08-10,4,28,1,SI,Sinker,96.7,2266,1.67,6.23,0.86,1.05,-1.598,2.575,3.19,1.61,L,0,0,ball,,
2026-08-10,4,28,2,SI,Sinker,95.6,2240,1.9,6.29,1.0,1.16,0.117,2.124,3.19,1.61,L,1,0,called_strike,,
2026-08-10,4,28,3,CU,Curveball,78.2,2531,1.8,6.32,-0.77,-0.56,0.168,2.768,3.19,1.61,L,1,1,hit_into_play,field_out,85.3
2026-08-10,4,29,1,CH,Changeup,85.0,1800,2.35,6.09,1.28,0.6,0.304,2.355,3.21,1.62,R,0,0,hit_into_play,field_out,59.8
2026-08-10,4,30,1,FF,4-Seam Fastball,96.2,2327,1.48,6.39,0.2,1.42,-0.344,2.796,3.2,1.61,L,0,0,called_strike,,
2026-08-10,4,30,2,CH,Changeup,88.7,1779,2.03,6.15,1.0,0.42,-0.364,1.846,3.2,1.61,L,0,1,swinging_strike,,
2026-08-10,4,30,3,FF,4-Seam Fastball,98.6,2425,1.77,6.35,0.25,1.38,-0.166,2.203,3.2,1.61,L,0,2,swinging_strike,strikeout,
2026-08-10,5,34,1,CH,Changeup,86.3,1830,2.22,6.05,1.11,0.68,0.196,1.336,3.01,1.52,R,0,0,swinging_strike,,
2026-08-10,5,34,2,CH,Changeup,88.3,1970,2.23,6.04,1.25,0.67,0.222,1.196,3.01,1.52,R,0,1,ball,,
2026-08-10,5,34,3,SI,Sinker,95.6,2126,1.84,6.26,1.04,1.08,-0.05,3.285,3.01,1.52,R,1,1,swinging_strike,,
2026-08-10,5,34,4,CH,Changeup,86.8,1903,2.27,6.05,1.16,0.58,0.673,2.624,3.01,1.52,R,1,2,hit_into_play,field_out,90.8
2026-08-10,5,35,1,CU,Curveball,80.1,2428,1.84,6.28,-0.87,-0.56,-0.192,2.343,3.11,1.57,L,0,0,called_strike,,
2026-08-10,5,35,2,FF,4-Seam Fastball,97.3,2136,1.56,6.43,0.1,1.2,0.469,3.476,3.11,1.57,L,0,1,foul,,
2026-08-10,5,35,3,CH,Changeup,90.2,1861,2.04,6.07,1.25,0.12,-0.17,1.236,3.11,1.57,L,0,2,ball,,
2026-08-10,5,35,4,FF,4-Seam Fastball,98.1,2399,1.65,6.48,0.45,1.28,0.468,3.261,3.11,1.57,L,1,2,foul,,78.9
2026-08-10,5,35,5,SI,Sinker,98.6,2078,1.85,6.2,1.06,0.91,-0.215,2.623,3.11,1.57,L,1,2,foul,,88.1
2026-08-10,5,35,6,CH,Changeup,89.6,1836,2.41,6.03,0.94,0.83,0.204,1.586,3.11,1.57,L,1,2,foul,,90.6
2026-08-10,5,35,7,CH,Changeup,89.8,1963,2.08,5.98,1.11,0.35,-0.293,1.788,3.11,1.57,L,1,2,hit_into_play,field_out,104.5
2026-08-10,5,36,1,SL,Slider,90.8,2021,1.97,6.04,-0.43,0.56,0.07,1.716,3.18,1.61,R,0,0,called_strike,,
2026-08-10,5,36,2,CH,Changeup,86.6,1812,2.06,6.07,1.22,0.21,0.064,2.176,3.18,1.61,R,0,1,foul,,74.8
2026-08-10,5,36,3,FF,4-Seam Fastball,99.4,2391,1.77,6.28,0.24,1.44,0.004,3.228,3.18,1.61,R,0,2,foul,,81.5
2026-08-10,5,36,4,CU,Curveball,83.5,2582,1.71,6.1,-0.97,-0.3,-2.462,0.692,3.18,1.61,R,0,2,hit_by_pitch,hit_by_pitch,
2026-08-10,5,37,1,CH,Changeup,86.7,1928,1.93,6.07,1.22,0.44,-0.332,0.656,3.24,1.63,R,0,0,blocked_ball,,
2026-08-10,5,37,2,FF,4-Seam Fastball,96.6,2253,1.87,6.25,0.34,1.41,0.702,2.391,3.24,1.63,R,1,0,foul,,
2026-08-10,5,37,3,CH,Changeup,87.4,1823,2.17,6.08,1.27,0.3,1.444,1.498,3.24,1.63,R,1,1,ball,,
2026-08-10,5,37,4,FF,4-Seam Fastball,96.8,2222,1.67,6.34,0.14,1.4,-0.804,2.449,3.24,1.63,R,2,1,foul,,58.4
2026-08-10,5,37,5,FF,4-Seam Fastball,97.1,2307,1.89,6.34,0.35,1.34,1.416,4.211,3.24,1.63,R,2,2,ball,,
2026-08-10,5,37,6,SI,Sinker,97.4,2280,1.85,6.21,1.21,0.75,-1.007,2.888,3.24,1.63,R,3,2,ball,walk,
2026-08-10,5,38,1,SI,Sinker,95.9,2266,1.74,6.3,1.24,0.98,-0.6,1.768,3.4,1.72,L,0,0,called_strike,,
2026-08-10,5,38,2,FF,4-Seam Fastball,97.2,2384,1.52,6.44,0.24,1.6,1.569,3.99,3.4,1.72,L,0,1,ball,,
2026-08-10,5,38,3,FF,4-Seam Fastball,96.2,2360,1.57,6.46,0.1,1.57,0.497,3.222,3.4,1.72,L,1,1,foul,,78.4
2026-08-10,5,38,4,FF,4-Seam Fastball,98.2,2370,1.69,6.39,0.24,1.35,-0.237,2.064,3.4,1.72,L,1,2,foul,,83.2
2026-08-10,5,38,5,FF,4-Seam Fastball,97.9,2425,2.13,6.19,0.41,1.41,1.322,4.337,3.4,1.72,L,1,2,ball,,
2026-08-10,5,38,6,CH,Changeup,88.6,1977,2.13,6.07,1.32,0.26,0.34,1.745,3.4,1.72,L,2,2,swinging_strike,strikeout,
2026-08-16,1,1,1,FF,4-Seam Fastball,96.3,2396,1.47,6.31,0.1,1.45,-0.212,2.805,3.13,1.58,R,0,0,foul,,
2026-08-16,1,1,2,CH,Changeup,89.3,1907,1.94,6.11,1.21,0.42,-0.043,1.707,3.13,1.58,R,0,1,hit_into_play,single,103.8
2026-08-16,1,2,1,CH,Changeup,86.1,1912,2.07,6.09,1.2,0.38,1.08,2.794,3.0,1.52,R,0,0,foul,,62.4
2026-08-16,1,2,2,SI,Sinker,95.6,2218,1.67,6.18,0.83,1.16,-0.198,3.244,3.0,1.52,R,0,1,foul,,79.3
2026-08-16,1,2,3,CH,Changeup,88.7,1842,1.82,6.09,0.53,0.75,0.526,1.725,3.0,1.52,R,0,2,hit_into_play,field_out,82.6
2026-08-16,1,3,1,FF,4-Seam Fastball,95.5,2314,1.8,6.33,0.43,1.32,0.404,2.69,3.24,1.63,R,0,0,foul,,
2026-08-16,1,3,2,FF,4-Seam Fastball,96.4,2393,1.65,6.37,0.42,1.36,0.984,3.349,3.24,1.63,R,0,1,ball,,
2026-08-16,1,3,3,SL,Slider,91.7,2217,1.83,6.24,-0.24,0.35,-1.047,1.337,3.24,1.63,R,1,1,swinging_strike,,
2026-08-16,1,3,4,CH,Changeup,88.0,1838,2.11,6.05,0.75,0.53,0.132,0.524,3.24,1.63,R,1,2,blocked_ball,,
2026-08-16,1,3,5,FF,4-Seam Fastball,96.1,2365,1.52,6.32,0.17,1.46,-0.456,2.823,3.24,1.63,R,2,2,foul,,94.1
2026-08-16,1,3,6,CH,Changeup,87.6,1863,1.99,6.14,1.13,0.22,1.216,1.234,3.24,1.63,R,2,2,swinging_strike,strikeout,
2026-08-16,1,4,1,SI,Sinker,96.5,2215,1.68,6.19,1.1,0.75,-0.011,2.905,3.22,1.62,L,0,0,hit_into_play,single,103.7
2026-08-16,1,5,1,CH,Changeup,87.6,1845,2.03,6.09,1.17,0.53,0.909,2.217,3.13,1.58,R,0,0,swinging_strike,,
2026-08-16,1,5,2,CH,Changeup,89.8,1856,2.04,6.09,1.35,0.26,0.215,1.239,3.13,1.58,R,0,1,ball,,
2026-08-16,1,5,3,FF,4-Seam Fastball,96.5,2417,1.55,6.32,0.52,1.45,-0.449,2.817,3.13,1.58,R,1,1,hit_into_play,field_out,86.4
2026-08-16,2,10,1,CH,Changeup,86.3,2018,1.89,6.15,1.02,0.47,0.485,2.3,3.31,1.67,R,0,0,called_strike,,
2026-08-16,2,10,2,FF,4-Seam Fastball,97.0,2481,1.6,6.26,0.4,1.57,-0.729,3.431,3.31,1.67,R,0,1,swinging_strike,,
2026-08-16,2,10,3,CH,Changeup,88.5,2027,1.87,6.22,1.06,0.35,1.224,2.265,3.31,1.67,R,0,2,ball,,
2026-08-16,2,10,4,SL,Slider,92.7,2391,2.09,6.17,-0.22,0.54,0.242,2.438,3.31,1.67,R,1,2,foul,,68.7
2026-08-16,2,10,5,FF,4-Seam Fastball,97.6,2428,1.65,6.4,-0.03,1.53,-0.205,4.514,3.31,1.67,R,1,2,ball,,
2026-08-16,2,10,6,CH,Changeup,89.0,1981,2.08,6.03,1.09,0.36,0.267,1.178,3.31,1.67,R,2,2,swinging_strike,strikeout,
2026-08-16,2,11,1,CH,Changeup,87.8,1936,1.97,6.16,0.93,0.7,0.356,3.46,3.23,1.63,R,0,0,ball,,
2026-08-16,2,11,2,FF,4-Seam Fastball,96.4,2438,1.39,6.45,0.2,1.62,0.012,3.886,3.23,1.63,R,1,0,ball,,
2026-08-16,2,11,3,SI,Sinker,95.9,2252,1.63,6.31,1.1,1.12,0.233,3.575,3.23,1.63,R,2,0,ball,,
2026-08-16,2,11,4,FF,4-Seam Fastball,95.7,2411,1.6,6.35,0.47,1.5,0.341,2.788,3.23,1.63,R,3,0,called_strike,,
2026-08-16,2,11,5,SI,Sinker,96.5,2266,1.7,6.28,1.09,1.14,0.138,1.496,3.23,1.63,R,3,1,foul,,77.0
2026-08-16,2,11,6,CH,Changeup,87.7,1901,2.08,6.07,0.91,0.27,-0.906,1.938,3.23,1.63,R,3,2,ball,walk,
2026-08-16,2,12,1,CH,Changeup,87.3,1922,2.02,6.09,1.19,0.49,0.72,1.351,3.14,1.58,R,0,0,swinging_strike,,
2026-08-16,2,12,2,CH,Changeup,87.4,1854,2.12,6.03,1.24,0.37,0.374,0.243,3.14,1.58,R,0,1,blocked_ball,,
2026-08-16,2,12,3,FF,4-Seam Fastball,96.7,2342,1.47,6.36,0.22,1.3,0.246,3.001,3.14,1.58,R,1,1,foul,,79.5
2026-08-16,2,12,4,FF,4-Seam Fastball,97.2,2416,1.33,6.46,0.23,1.3,-0.988,3.065,3.14,1.58,R,1,2,foul,,56.6
2026-08-16,2,12,5,SI,Sinker,96.5,2223,1.51,6.32,1.02,1.3,0.299,3.386,3.14,1.58,R,1,2,swinging_strike,strikeout,
2026-08-16,2,13,1,FF,4-Seam Fastball,96.7,2472,1.51,6.34,0.33,1.51,0.311,3.567,3.23,1.63,R,0,0,swinging_strike,,
2026-08-16,2,13,2,FF,4-Seam Fastball,96.8,2429,1.45,6.39,0.29,1.54,0.571,3.135,3.23,1.63,R,0,1,foul,,73.9
2026-08-16,2,13,3,FF,4-Seam Fastball,98.1,2493,1.56,6.42,0.39,1.44,0.221,3.227,3.23,1.63,R,0,2,hit_into_play,single,103.3
2026-08-16,2,14,1,SL,Slider,90.7,2172,1.92,6.29,-0.26,0.3,-0.023,3.152,3.13,1.58,R,0,0,called_strike,,
2026-08-16,2,14,2,FF,4-Seam Fastball,97.2,2440,1.65,6.35,0.14,1.34,0.124,3.988,3.13,1.58,R,0,1,ball,,
2026-08-16,2,14,3,FF,4-Seam Fastball,96.9,2400,1.58,6.29,0.42,1.45,-1.197,2.021,3.13,1.58,R,1,1,ball,,
2026-08-16,2,14,4,SI,Sinker,96.5,2337,1.55,6.19,1.09,0.95,-0.993,1.709,3.13,1.58,R,2,1,ball,,
2026-08-16,2,14,5,CH,Changeup,87.3,1837,2.21,6.08,1.03,0.34,0.215,2.341,3.13,1.58,R,3,1,foul,,
2026-08-16,2,14,6,FF,4-Seam Fastball,97.8,2447,1.45,6.34,0.12,1.48,-1.252,2.751,3.13,1.58,R,3,2,foul,,77.1
2026-08-16,2,14,7,SI,Sinker,97.8,2297,1.67,6.32,0.88,1.26,-0.537,2.822,3.13,1.58,R,3,2,foul,,76.7
2026-08-16,2,14,8,CH,Changeup,87.8,1933,1.88,6.1,1.0,0.37,0.27,1.233,3.13,1.58,R,3,2,ball,walk,
2026-08-16,2,15,1,CH,Changeup,87.0,1864,2.08,6.12,1.41,0.43,0.183,0.633,3.0,1.52,R,0,0,swinging_strike_blocked,,
2026-08-16,2,15,2,FF,4-Seam Fastball,95.8,2278,1.67,6.38,0.08,1.3,-0.235,2.165,3.0,1.52,R,0,1,foul,,80.3
2026-08-16,2,15,3,SL,Slider,92.0,2300,2.01,6.22,-0.47,0.12,-0.62,1.963,3.0,1.52,R,0,2,hit_into_play,fielders_choice,75.8
2026-08-16,2,16,1,CH,Changeup,88.4,1912,2.07,6.07,1.22,0.48,1.029,1.037,3.24,1.63,R,0,0,ball,,
2026-08-16,2,16,2,FF,4-Seam Fastball,96.7,2435,1.61,6.33,0.17,1.53,-1.017,3.135,3.24,1.63,R,1,0,hit_into_play,field_out,100.3
2026-08-16,3,20,1,SI,Sinker,96.4,2260,1.53,6.4,0.77,1.36,0.018,2.49,3.22,1.62,L,0,0,called_strike,,
2026-08-16,3,20,2,SL,Slider,91.1,2234,1.88,6.25,-0.32,0.4,-0.747,2.339,3.22,1.62,L,0,1,hit_into_play,single,78.5
2026-08-16,3,21,1,SL,Slider,89.7,2064,2.11,6.15,-0.42,0.6,0.718,1.745,3.13,1.58,R,0,0,called_strike,,
2026-08-16,3,21,2,SI,Sinker,96.3,2263,1.8,6.23,1.02,1.07,0.431,1.293,3.13,1.58,R,0,1,ball,,
2026-08-16,3,21,3,CH,Changeup,87.9,1969,2.17,6.08,1.21,0.27,1.187,0.958,3.13,1.58,R,1,1,ball,,
2026-08-16,3,21,4,SL,Slider,90.9,2146,2.14,6.14,-0.18,0.46,0.366,1.52,3.13,1.58,R,2,1,hit_into_play,grounded_into_double_play,99.4
2026-08-16,3,22,1,SL,Slider,92.4,1989,1.9,6.21,-0.14,0.38,-0.101,2.75,3.31,1.67,R,0,0,foul,,75.0
2026-08-16,3,22,2,SI,Sinker,98.9,2319,1.54,6.36,0.98,1.18,-0.482,2.748,3.31,1.67,R,0,1,hit_into_play,field_out,77.0
2026-08-16,4,26,1,FF,4-Seam Fastball,97.3,2340,1.36,6.36,0.15,1.4,-1.15,2.251,3.23,1.63,R,0,0,foul,,93.0
2026-08-16,4,26,2,CH,Changeup,89.0,2053,2.03,6.23,1.1,0.66,0.22,2.525,3.23,1.63,R,0,1,called_strike,,
2026-08-16,4,26,3,CH,Changeup,88.4,1977,2.13,6.05,0.87,0.78,-0.271,1.896,3.23,1.63,R,0,2,hit_into_play,field_out,77.3
2026-08-16,4,27,1,FF,4-Seam Fastball,97.4,2444,1.51,6.4,0.43,1.41,-0.328,2.794,3.14,1.58,R,0,0,foul,,79.2
2026-08-16,4,27,2,CH,Changeup,86.5,1791,1.85,6.11,1.23,0.2,0.704,2.016,3.14,1.58,R,0,1,swinging_strike,,
2026-08-16,4,27,3,CH,Changeup,87.9,1806,2.1,6.1,1.29,0.38,1.517,1.801,3.14,1.58,R,0,2,swinging_strike,strikeout,
2026-08-16,4,28,1,FF,4-Seam Fastball,97.7,2471,1.49,6.34,0.25,1.52,-0.705,2.319,3.23,1.63,R,0,0,called_strike,,
2026-08-16,4,28,2,SI,Sinker,98.1,2311,1.75,6.18,1.17,1.0,-0.924,2.807,3.23,1.63,R,0,1,ball,,
2026-08-16,4,28,3,CH,Changeup,88.5,1924,2.06,6.06,1.41,0.53,0.587,1.097,3.23,1.63,R,1,1,swinging_strike,,
2026-08-16,4,28,4,CH,Changeup,89.7,1884,2.09,6.09,1.34,0.37,0.724,2.272,3.23,1.63,R,1,2,foul,,65.5
2026-08-16,4,28,5,CU,Curveball,83.0,2641,1.84,6.29,-0.76,-0.3,-0.508,1.978,3.23,1.63,R,1,2,hit_into_play,field_out,87.4
2026-08-16,5,33,1,FF,4-Seam Fastball,96.8,2390,1.5,6.31,0.36,1.51,0.024,1.815,3.13,1.58,R,0,0,called_strike,,
2026-08-16,5,33,2,SL,Slider,93.4,2319,1.86,6.22,-0.26,0.55,-1.076,0.86,3.13,1.58,R,0,1,ball,,
2026-08-16,5,33,3,CH,Changeup,88.0,1969,2.01,6.22,1.02,0.59,0.384,2.5,3.13,1.58,R,1,1,hit_into_play,field_out,95.7
2026-08-16,5,34,1,FF,4-Seam Fastball,97.0,2260,1.52,6.28,0.12,1.23,-0.555,2.805,3.0,1.52,R,0,0,foul,,82.6
2026-08-16,5,34,2,CH,Changeup,89.1,2036,2.0,6.06,1.02,0.68,0.329,0.978,3.0,1.52,R,0,1,ball,,
2026-08-16,5,34,3,SI,Sinker,96.7,2245,1.55,6.32,0.73,1.06,-1.062,2.917,3.0,1.52,R,1,1,ball,,
2026-08-16,5,34,4,CH,Changeup,88.5,1929,2.14,6.03,1.35,0.46,-0.246,0.464,3.0,1.52,R,2,1,ball,,
2026-08-16,5,34,5,SL,Slider,90.2,2274,2.1,6.13,-0.27,0.42,-0.058,2.287,3.0,1.52,R,3,1,hit_into_play,field_out,101.5
2026-08-16,5,35,1,SL,Slider,91.2,2099,2.06,6.12,-0.16,0.42,0.438,1.986,3.24,1.63,R,0,0,called_strike,,
2026-08-16,5,35,2,CH,Changeup,88.8,1898,2.07,6.02,1.17,0.46,0.995,1.963,3.24,1.63,R,0,1,ball,,
2026-08-16,5,35,3,FF,4-Seam Fastball,97.3,2437,1.8,6.31,0.42,1.41,1.027,2.841,3.24,1.63,R,1,1,ball,,
2026-08-16,5,35,4,CH,Changeup,87.7,1850,1.97,6.11,1.2,0.45,0.572,1.164,3.24,1.63,R,2,1,ball,,
2026-08-16,5,35,5,FF,4-Seam Fastball,97.3,2375,1.38,6.38,0.33,1.44,0.567,2.635,3.24,1.63,R,3,1,swinging_strike,,
2026-08-16,5,35,6,FF,4-Seam Fastball,98.4,2432,1.56,6.44,0.27,1.43,0.324,2.393,3.24,1.63,R,3,2,hit_into_play,double,104.5
2026-08-16,5,36,1,CH,Changeup,87.5,1904,2.06,6.05,1.11,0.72,-0.355,3.138,3.22,1.62,L,0,0,called_strike,,
2026-08-16,5,36,2,FF,4-Seam Fastball,97.5,2378,1.66,6.32,0.42,1.39,1.335,4.259,3.22,1.62,L,0,1,ball,,
2026-08-16,5,36,3,SI,Sinker,97.4,2335,1.74,6.24,0.88,1.18,-0.877,1.875,3.22,1.62,L,1,1,ball,,
2026-08-16,5,36,4,CH,Changeup,86.8,1904,1.98,6.15,1.01,0.45,0.58,1.884,3.22,1.62,L,2,1,swinging_strike,,
2026-08-16,5,36,5,FF,4-Seam Fastball,98.2,2359,1.84,6.31,0.36,1.32,-0.126,1.82,3.22,1.62,L,2,2,foul,,79.6
2026-08-16,5,36,6,CH,Changeup,89.1,1917,2.07,6.1,1.12,0.41,0.847,2.099,3.22,1.62,L,2,2,hit_into_play,single,64.1
2026-08-16,5,37,1,FF,4-Seam Fastball,96.5,2301,1.57,6.27,0.18,1.41,-0.613,3.502,3.13,1.58,R,0,0,ball,,
2026-08-16,5,37,2,CH,Changeup,86.9,1784,2.11,6.04,1.16,0.42,1.072,1.647,3.13,1.58,R,1,0,ball,,
2026-08-16,5,37,3,SL,Slider,90.8,2090,2.13,6.1,-0.28,0.59,0.554,1.756,3.13,1.58,R,2,0,called_strike,,
2026-08-16,5,37,4,FF,4-Seam Fastball,96.5,2360,1.65,6.3,0.16,1.31,-0.576,2.071,3.13,1.58,R,2,1,hit_into_play,single,111.6
2026-08-16,5,38,1,CH,Changeup,86.5,1858,2.09,6.08,1.1,0.52,-0.237,1.868,3.31,1.67,R,0,0,swinging_strike,,
2026-08-16,5,38,2,FF,4-Seam Fastball,97.1,2370,1.81,6.39,0.1,1.46,0.03,3.315,3.31,1.67,R,0,1,foul,,70.1
2026-08-16,5,38,3,CH,Changeup,90.0,2011,2.08,6.01,1.33,0.42,0.964,0.934,3.31,1.67,R,0,2,ball,,
2026-08-16,5,38,4,CH,Changeup,89.4,1996,2.12,6.1,1.3,0.54,0.927,2.034,3.31,1.67,R,1,2,hit_into_play,field_out,74.7
2026-08-16,6,42,1,FF,4-Seam Fastball,95.0,2299,1.59,6.33,0.1,1.45,0.244,2.616,3.23,1.63,R,0,0,foul,,69.2
2026-08-16,6,42,2,SL,Slider,90.0,2102,2.03,6.22,-0.27,0.52,0.608,1.584,3.23,1.63,R,0,1,foul,,75.3
2026-08-16,6,42,3,CH,Changeup,90.2,1921,2.02,6.07,1.2,0.63,0.253,0.998,3.23,1.63,R,0,2,swinging_strike,strikeout,
2026-08-16,6,43,1,SL,Slider,90.9,2014,1.9,6.17,-0.17,0.44,0.163,1.978,3.14,1.58,R,0,0,called_strike,,
2026-08-16,6,43,2,CH,Changeup,87.3,1859,2.17,6.12,1.26,0.32,1.058,2.414,3.14,1.58,R,0,1,foul,,67.1
2026-08-16,6,43,3,SL,Slider,92.9,2234,2.2,6.09,-0.24,0.44,-0.431,1.674,3.14,1.58,R,0,2,foul,,
2026-08-16,6,43,4,FF,4-Seam Fastball,99.2,2420,1.86,6.23,0.06,1.32,-0.083,3.371,3.14,1.58,R,0,2,foul_tip,strikeout,
2026-08-16,6,44,1,FF,4-Seam Fastball,97.2,2439,1.63,6.3,0.17,1.53,1.016,2.314,3.23,1.63,R,0,0,ball,,
2026-08-16,6,44,2,CH,Changeup,88.3,1885,2.12,6.07,1.29,0.28,0.852,1.371,3.23,1.63,R,1,0,swinging_strike,,
2026-08-16,6,44,3,CH,Changeup,87.8,1851,2.23,6.02,1.26,-0.04,0.972,2.155,3.23,1.63,R,1,1,foul,,
2026-08-16,6,44,4,FF,4-Seam Fastball,98.6,2359,1.45,6.31,0.45,1.19,0.405,1.237,3.23,1.63,R,1,2,ball,,
2026-08-16,6,44,5,CH,Changeup,88.7,1868,2.18,6.02,1.38,0.27,0.929,2.493,3.23,1.63,R,2,2,foul,,52.5
2026-08-16,6,44,6,SI,Sinker,99.3,2283,1.62,6.2,1.07,1.13,-0.329,3.215,3.23,1.63,R,2,2,foul,,78.3
2026-08-16,6,44,7,CU,Curveball,82.6,2535,1.9,6.27,-1.02,-0.33,0.681,2.5,3.23,1.63,R,2,2,called_strike,strikeout,
2026-08-22,1,1,1,FF,4-Seam Fastball,96.5,2308,1.31,6.42,0.09,1.46,0.525,2.788,3.05,1.54,R,0,0,called_strike,,
2026-08-22,1,1,2,CH,Changeup,89.2,2014,1.84,6.16,0.93,0.23,-0.874,1.505,3.05,1.54,R,0,1,ball,,
2026-08-22,1,1,3,FF,4-Seam Fastball,97.4,2461,1.63,6.36,0.16,1.29,0.413,2.091,3.05,1.54,R,1,1,foul,,81.9
2026-08-22,1,1,4,FF,4-Seam Fastball,98.1,2442,1.64,6.44,0.06,1.35,0.94,4.806,3.05,1.54,R,1,2,ball,,
2026-08-22,1,1,5,FF,4-Seam Fastball,98.0,2514,1.69,6.38,0.21,1.5,-0.252,3.564,3.05,1.54,R,2,2,hit_into_play,field_out,79.1
2026-08-22,1,2,1,FF,4-Seam Fastball,97.8,2410,1.54,6.39,0.02,1.52,0.964,3.323,3.31,1.67,R,0,0,ball,,
2026-08-22,1,2,2,CH,Changeup,87.3,1900,1.89,6.24,1.04,0.29,1.121,3.807,3.31,1.67,R,1,0,ball,,
2026-08-22,1,2,3,FF,4-Seam Fastball,96.6,2391,1.56,6.42,0.22,1.47,0.984,2.652,3.31,1.67,R,2,0,hit_into_play,single,98.5
2026-08-22,1,3,1,CH,Changeup,86.8,1971,2.04,6.12,1.23,0.2,1.058,1.832,3.28,1.66,R,0,0,swinging_strike,,
2026-08-22,1,3,2,FF,4-Seam Fastball,96.3,2267,1.35,6.42,0.08,1.5,1.041,3.059,3.28,1.66,R,0,1,called_strike,,
2026-08-22,1,3,3,FF,4-Seam Fastball,97.6,2377,1.7,6.35,0.11,1.29,0.685,4.555,3.28,1.66,R,0,2,ball,,
2026-08-22,1,3,4,CU,Curveball,78.6,2604,1.71,6.32,-0.71,-0.44,0.598,2.437,3.28,1.66,R,1,2,hit_into_play,single,93.6
2026-08-22,1,4,1,SI,Sinker,97.7,2302,1.43,6.42,0.84,1.05,0.656,1.498,3.52,1.77,L,0,0,hit_into_play,triple,114.0
2026-08-22,1,5,1,CH,Changeup,87.5,2068,1.94,6.26,1.05,0.44,0.687,1.687,3.35,1.69,R,0,0,hit_into_play,field_out,66.4
2026-08-22,1,6,1,FF,4-Seam Fastball,96.3,2298,1.38,6.33,0.16,1.25,-0.017,2.905,3.18,1.6,R,0,0,called_strike,,
2026-08-22,1,6,2,FF,4-Seam Fastball,98.2,2365,1.53,6.31,0.02,1.01,-0.999,2.562,3.18,1.6,R,0,1,hit_into_play,field_out,74.0
2026-08-22,2,10,1,FF,4-Seam Fastball,95.1,2315,1.35,6.37,0.02,1.38,-0.606,1.252,3.19,1.61,R,0,0,foul,,87.3
2026-08-22,2,10,2,CH,Changeup,88.0,1948,2.02,6.22,0.98,0.26,0.985,2.391,3.19,1.61,R,0,1,ball,,
2026-08-22,2,10,3,SL,Slider,89.0,2296,1.82,6.28,-0.42,0.31,0.053,2.704,3.19,1.61,R,1,1,called_strike,,
2026-08-22,2,10,4,CH,Changeup,87.1,1869,2.1,6.13,0.75,0.37,0.47,1.785,3.19,1.61,R,1,2,hit_into_play,single,66.5
2026-08-22,2,11,1,SL,Slider,88.7,2221,1.99,6.21,-0.32,0.4,-0.028,1.87,3.34,1.69,R,0,0,called_strike,,
2026-08-22,2,11,2,FF,4-Seam Fastball,96.3,2404,1.67,6.32,0.18,1.32,0.58,3.556,3.34,1.69,R,0,1,swinging_strike,,
2026-08-22,2,11,3,CH,Changeup,87.5,1969,1.79,6.14,1.17,0.71,-0.004,1.147,3.34,1.69,R,0,2,ball,,
2026-08-22,2,11,4,FF,4-Seam Fastball,95.0,2340,1.52,6.36,0.4,1.32,-0.297,1.565,3.34,1.69,R,1,2,ball,,
2026-08-22,2,11,5,CH,Changeup,88.5,2081,2.03,6.19,0.94,0.69,1.354,2.115,3.34,1.69,R,2,2,hit_into_play,single,72.0
2026-08-22,2,12,1,SL,Slider,90.4,2217,1.94,6.22,-0.3,0.19,-0.281,1.803,3.19,1.61,R,0,0,hit_into_play,sac_bunt,32.5
2026-08-22,2,13,1,FF,4-Seam Fastball,96.3,2441,1.65,6.3,0.3,1.33,0.253,2.929,3.05,1.54,R,0,0,foul,,80.1
2026-08-22,2,13,2,FF,4-Seam Fastball,96.4,2295,1.58,6.38,0.05,1.32,0.587,3.797,3.05,1.54,R,0,1,ball,,
2026-08-22,2,13,3,SL,Slider,88.8,2211,1.82,6.25,-0.19,-0.01,-0.723,2.308,3.05,1.54,R,1,1,swinging_strike,,
2026-08-22,2,13,4,SL,Slider,91.4,2251,1.73,6.29,-0.24,0.32,-1.427,2.578,3.05,1.54,R,1,2,swinging_strike,strikeout,
2026-08-22,2,14,1,CH,Changeup,87.9,1970,1.84,6.13,1.04,0.36,0.517,1.755,3.31,1.67,R,0,0,swinging_strike,,
2026-08-22,2,14,2,FF,4-Seam Fastball,96.5,2268,1.5,6.35,0.25,1.29,0.739,2.664,3.31,1.67,R,0,1,swinging_strike,,
2026-08-22,2,14,3,FF,4-Seam Fastball,97.5,2329,1.91,6.26,0.23,1.25,1.269,4.321,3.31,1.67,R,0,2,ball,,
2026-08-22,2,14,4,CH,Changeup,89.0,1836,1.87,6.13,0.85,0.15,-0.062,0.718,3.31,1.67,R,1,2,blocked_ball,,
2026-08-22,2,14,5,FF,4-Seam Fastball,97.6,2398,1.7,6.32,0.13,1.35,0.894,3.663,3.31,1.67,R,2,2,ball,,
2026-08-22,2,14,6,SL,Slider,91.0,2259,1.98,6.15,-0.36,0.25,0.749,2.72,3.31,1.67,R,3,2,foul_tip,strikeout,
2026-08-22,3,19,1,CU,Curveball,79.5,2637,1.65,6.34,-0.64,-0.57,0.26,1.487,3.28,1.66,R,0,0,hit_into_play,field_out,72.2
2026-08-22,3,20,1,SI,Sinker,97.6,2245,1.62,6.29,0.89,1.29,0.523,2.057,3.52,1.77,L,0,0,called_strike,,
2026-08-22,3,20,2,FF,4-Seam Fastball,97.7,2451,1.61,6.44,0.05,1.31,0.567,3.157,3.52,1.77,L,0,1,called_strike,,
2026-08-22,3,20,3,FF,4-Seam Fastball,99.4,2546,1.5,6.46,0.11,1.39,-0.575,3.9,3.52,1.77,L,0,2,ball,,
2026-08-22,3,20,4,CH,Changeup,90.5,1920,1.81,6.32,0.9,0.55,-0.26,2.363,3.52,1.77,L,1,2,foul,,75.7
2026-08-22,3,20,5,CU,Curveball,81.8,2748,1.65,6.31,-0.73,-0.68,-0.508,2.321,3.52,1.77,L,1,2,swinging_strike,strikeout,
2026-08-22,3,21,1,FF,4-Seam Fastball,97.2,2357,1.64,6.35,0.08,1.47,1.019,2.674,3.35,1.69,R,0,0,foul,,77.3
2026-08-22,3,21,2,SL,Slider,91.3,2194,1.76,6.22,-0.33,0.37,-1.171,2.796,3.35,1.69,R,0,1,ball,,
2026-08-22,3,21,3,FF,4-Seam Fastball,97.1,2527,1.6,6.31,0.07,1.51,-0.615,3.11,3.35,1.69,R,1,1,swinging_strike,,
2026-08-22,3,21,4,CH,Changeup,90.2,2026,1.92,6.12,1.29,0.57,-0.052,1.065,3.35,1.69,R,1,2,ball,,
2026-08-22,3,21,5,SL,Slider,92.2,2299,1.84,6.19,-0.36,0.25,-1.86,0.547,3.35,1.69,R,2,2,ball,,
2026-08-22,3,21,6,SL,Slider,93.1,2278,2.15,6.11,-0.33,0.41,-0.211,1.376,3.35,1.69,R,3,2,swinging_strike,strikeout,
2026-08-22,4,27,1,FF,4-Seam Fastball,95.9,2478,1.53,6.33,0.32,1.41,0.96,1.432,3.18,1.6,R,0,0,ball,,
2026-08-22,4,27,2,SL,Slider,90.7,2431,1.88,6.26,-0.21,0.39,-0.525,2.033,3.18,1.6,R,1,0,foul,,
2026-08-22,4,27,3,FF,4-Seam Fastball,96.0,2422,1.44,6.34,0.12,1.42,-0.879,2.565,3.18,1.6,R,1,1,foul,,70.2
2026-08-22,4,27,4,CH,Changeup,88.9,1927,1.97,6.2,0.92,0.43,-0.078,1.39,3.18,1.6,R,1,2,foul,,77.7
2026-08-22,4,27,5,FF,4-Seam Fastball,97.3,2531,1.53,6.42,0.17,1.29,-0.921,3.641,3.18,1.6,R,1,2,foul,,81.6
2026-08-22,4,27,6,SL,Slider,91.9,2185,2.09,6.19,-0.2,0.43,0.71,2.408,3.18,1.6,R,1,2,foul,,73.4
2026-08-22,4,27,7,CH,Changeup,90.4,2082,2.07,6.18,1.19,0.76,1.01,1.416,3.18,1.6,R,1,2,foul,,69.9
2026-08-22,4,27,8,CU,Curveball,80.8,2643,1.53,6.35,-0.87,-0.46,-0.028,2.678,3.18,1.6,R,1,2,foul,,
2026-08-22,4,27,9,CU,Curveball,82.2,2619,1.65,6.25,-0.68,-0.58,-0.174,0.353,3.18,1.6,R,1,2,swinging_strike_blocked,strikeout,
2026-08-22,4,28,1,FF,4-Seam Fastball,96.7,2391,1.69,6.31,0.25,1.52,0.27,2.787,3.19,1.61,R,0,0,foul_tip,,
2026-08-22,4,28,2,FF,4-Seam Fastball,96.9,2478,1.49,6.38,0.21,1.49,-0.116,3.112,3.19,1.61,R,0,1,foul_tip,,
2026-08-22,4,28,3,FF,4-Seam Fastball,98.8,2534,1.55,6.34,0.32,1.55,-0.244,3.012,3.19,1.61,R,0,2,swinging_strike,strikeout,
2026-08-22,4,29,1,FF,4-Seam Fastball,96.9,2488,1.63,6.38,0.3,1.54,0.576,3.113,3.34,1.69,R,0,0,called_strike,,
2026-08-22,4,29,2,FF,4-Seam Fastball,97.1,2467,1.59,6.32,0.43,1.55,0.151,2.316,3.34,1.69,R,0,1,foul,,53.5
2026-08-22,4,29,3,FF,4-Seam Fastball,98.5,2375,1.64,6.3,0.32,1.28,-0.513,3.529,3.34,1.69,R,0,2,hit_into_play,field_out,61.7
2026-08-22,5,38,1,FF,4-Seam Fastball,96.3,2346,1.63,6.3,0.09,1.52,0.482,2.49,3.19,1.61,R,0,0,called_strike,,
2026-08-22,5,38,2,FF,4-Seam Fastball,96.3,2387,1.62,6.3,0.01,1.49,-0.845,3.214,3.19,1.61,R,0,1,swinging_strike,,
2026-08-22,5,38,3,CH,Changeup,89.5,1952,1.93,6.18,1.38,0.15,0.384,0.544,3.19,1.61,R,0,2,swinging_strike_blocked,strikeout,
2026-08-22,5,39,1,CU,Curveball,79.3,2596,1.75,6.3,-0.94,-0.33,0.682,3.817,3.05,1.54,R,0,0,ball,,
2026-08-22,5,39,2,FF,4-Seam Fastball,96.9,2386,1.64,6.34,0.15,1.41,-0.359,2.723,3.05,1.54,R,1,0,hit_into_play,field_out,73.5
2026-08-22,5,40,1,FF,4-Seam Fastball,96.4,2196,1.62,6.33,0.12,1.38,1.364,2.583,3.31,1.67,R,0,0,ball,,
2026-08-22,5,40,2,FF,4-Seam Fastball,96.4,2336,1.43,6.38,0.35,1.37,-0.302,3.226,3.31,1.67,R,1,0,called_strike,,
2026-08-22,5,40,3,FF,4-Seam Fastball,97.5,2394,1.53,6.32,0.41,1.41,-0.708,1.161,3.31,1.67,R,1,1,ball,,
2026-08-22,5,40,4,CU,Curveball,81.1,2539,1.64,6.27,-0.7,-0.42,-0.765,1.65,3.31,1.67,R,2,1,ball,,
2026-08-22,5,40,5,CH,Changeup,84.4,1885,2.12,6.12,0.84,0.39,1.047,4.178,3.31,1.67,R,3,1,ball,walk,
2026-08-22,5,41,1,CH,Changeup,87.5,1905,2.0,6.07,1.18,0.38,-0.807,1.199,3.28,1.66,R,0,0,ball,,
2026-08-22,5,41,2,FF,4-Seam Fastball,95.8,2232,1.56,6.3,0.46,1.36,0.118,2.728,3.28,1.66,R,1,0,foul,,87.2
2026-08-22,5,41,3,FF,4-Seam Fastball,96.8,2335,1.68,6.21,0.37,1.4,-0.612,2.049,3.28,1.66,R,1,1,foul,,
2026-08-22,5,41,4,SL,Slider,91.3,2221,2.05,6.17,-0.39,0.33,-0.751,1.986,3.28,1.66,R,1,2,called_strike,strikeout,
2026-08-22,6,48,1,CU,Curveball,81.9,2609,1.69,6.25,-0.64,-0.57,0.842,2.333,3.52,1.77,L,0,0,ball,,
2026-08-22,6,48,2,FF,4-Seam Fastball,96.8,2516,1.46,6.43,0.05,1.57,0.522,2.954,3.52,1.77,L,1,0,called_strike,,
2026-08-22,6,48,3,SI,Sinker,96.7,2343,1.45,6.36,1.09,1.13,0.128,2.577,3.52,1.77,L,1,1,called_strike,,
2026-08-22,6,48,4,FF,4-Seam Fastball,98.6,2576,1.66,6.35,0.16,1.58,-0.306,3.127,3.52,1.77,L,1,2,foul,,78.2
2026-08-22,6,48,5,CU,Curveball,84.5,2696,1.72,6.28,-0.96,-0.32,-0.179,0.32,3.52,1.77,L,1,2,ball,,
2026-08-22,6,48,6,CH,Changeup,90.7,2008,1.94,6.16,0.71,0.37,0.053,2.371,3.52,1.77,L,2,2,swinging_strike,strikeout,
2026-08-22,6,49,1,FF,4-Seam Fastball,98.4,2452,1.51,6.39,0.38,1.48,0.007,1.509,3.35,1.69,R,0,0,ball,,
2026-08-22,6,49,2,SL,Slider,91.9,2192,1.96,6.17,-0.3,0.4,0.396,2.606,3.35,1.69,R,1,0,called_strike,,
2026-08-22,6,49,3,FF,4-Seam Fastball,96.8,2478,1.7,6.28,0.56,1.41,0.42,3.979,3.35,1.69,R,1,1,foul,,
2026-08-22,6,49,4,CH,Changeup,88.4,1875,1.97,6.06,1.24,0.02,0.845,0.684,3.35,1.69,R,1,2,swinging_strike_blocked,strikeout,
2026-08-22,6,50,1,FF,4-Seam Fastball,97.3,2377,1.46,6.31,0.41,1.46,-0.139,1.129,3.18,1.6,R,0,0,ball,,
2026-08-22,6,50,2,SL,Slider,91.2,2270,1.85,6.12,-0.19,0.51,-0.783,1.949,3.18,1.6,R,1,0,foul_tip,,
2026-08-22,6,50,3,FF,4-Seam Fastball,97.3,2400,1.5,6.3,0.4,1.48,-0.168,3.125,3.18,1.6,R,1,1,swinging_strike,,
2026-08-22,6,50,4,FF,4-Seam Fastball,100.0,2509,1.55,6.38,0.34,1.48,-0.282,2.945,3.18,1.6,R,1,2,foul_tip,strikeout,
2026-08-22,7,55,1,FF,4-Seam Fastball,96.0,2459,1.53,6.27,0.38,1.47,0.511,1.356,3.19,1.61,R,0,0,ball,,
2026-08-22,7,55,2,CH,Changeup,87.0,1900,1.91,6.12,1.16,0.62,0.946,3.033,3.19,1.61,R,1,0,called_strike,,
2026-08-22,7,55,3,FF,4-Seam Fastball,97.0,2465,1.49,6.44,0.52,1.43,0.073,3.475,3.19,1.61,R,1,1,foul_tip,,
2026-08-22,7,55,4,FF,4-Seam Fastball,98.4,2561,1.43,6.3,0.66,1.41,-0.627,1.102,3.19,1.61,R,1,2,ball,,
2026-08-22,7,55,5,CH,Changeup,87.8,1902,2.13,6.04,1.25,0.48,0.886,2.274,3.19,1.61,R,2,2,hit_into_play,field_out,71.2
2026-08-22,7,56,1,SL,Slider,91.3,2139,2.05,6.05,-0.13,0.3,0.485,2.284,3.34,1.69,R,0,0,called_strike,,
2026-08-22,7,56,2,FF,4-Seam Fastball,97.9,2354,1.62,6.28,0.46,1.36,-0.845,3.269,3.34,1.69,R,0,1,ball,,
2026-08-22,7,56,3,SI,Sinker,97.6,2333,1.65,6.21,1.1,1.13,0.128,2.909,3.34,1.69,R,1,1,foul,,74.9
2026-08-22,7,56,4,FF,4-Seam Fastball,99.1,2392,1.6,6.37,0.04,1.3,-1.339,3.942,3.34,1.69,R,1,2,ball,,
2026-08-22,7,56,5,CH,Changeup,90.0,1898,2.05,6.02,1.13,0.05,-0.173,1.729,3.34,1.69,R,2,2,foul,,
2026-08-22,7,56,6,SL,Slider,92.2,2107,2.0,6.07,-0.31,0.37,-0.17,3.365,3.34,1.69,R,2,2,foul,,60.9
2026-08-22,7,56,7,SI,Sinker,99.5,2293,1.62,6.25,0.86,1.18,-0.388,3.443,3.34,1.69,R,2,2,hit_into_play,field_out,77.2
2026-08-22,7,57,1,FF,4-Seam Fastball,96.7,2388,1.56,6.25,0.47,1.39,1.169,3.546,3.19,1.61,R,0,0,ball,,
2026-08-22,7,57,2,SL,Slider,91.6,2250,2.01,6.06,-0.38,0.26,0.033,1.227,3.19,1.61,R,1,0,swinging_strike,,
2026-08-22,7,57,3,FF,4-Seam Fastball,98.1,2436,1.45,6.29,0.61,1.25,-0.161,2.117,3.19,1.61,R,1,1,hit_into_play,field_out,106.1
2026-08-28,1,6,1,FF,4-Seam Fastball,95.5,2413,1.6,6.17,0.14,1.32,0.696,3.285,3.13,1.58,R,0,0,ball,,
2026-08-28,1,6,2,FF,4-Seam Fastball,96.4,2312,1.6,6.22,0.04,1.52,-0.02,2.24,3.13,1.58,R,1,0,hit_into_play,double,105.1
2026-08-28,1,7,1,CH,Changeup,88.6,1794,2.08,5.94,1.39,0.34,0.084,2.403,3.09,1.56,R,0,0,called_strike,,
2026-08-28,1,7,2,FF,4-Seam Fastball,96.1,2273,1.52,6.24,0.18,1.55,-0.37,3.651,3.09,1.56,R,0,1,ball,,
2026-08-28,1,7,3,CH,Changeup,86.7,1757,2.16,5.87,1.53,0.02,0.732,1.081,3.09,1.56,R,1,1,swinging_strike,,
2026-08-28,1,7,4,CH,Changeup,87.4,1741,2.12,5.85,1.47,0.25,0.131,1.702,3.09,1.56,R,1,2,foul,,74.5
2026-08-28,1,7,5,FF,4-Seam Fastball,97.4,2249,1.48,6.28,0.04,1.31,-1.03,3.734,3.09,1.56,R,1,2,ball,,
2026-08-28,1,7,6,CH,Changeup,87.5,1873,2.07,5.9,1.1,0.63,-0.402,1.778,3.09,1.56,R,2,2,called_strike,strikeout,
2026-08-28,1,8,1,FF,4-Seam Fastball,97.1,2272,1.62,6.27,-0.08,1.4,-0.351,3.172,3.09,1.56,L,0,0,swinging_strike,,
2026-08-28,1,8,2,FF,4-Seam Fastball,97.5,2333,1.7,6.21,0.11,1.37,-0.176,2.42,3.09,1.56,L,0,1,foul,,77.6
2026-08-28,1,8,3,FF,4-Seam Fastball,98.1,2374,1.48,6.34,0.36,1.39,-0.094,3.738,3.09,1.56,L,0,2,ball,,
2026-08-28,1,8,4,CH,Changeup,90.7,1786,2.02,5.81,1.4,0.19,0.28,1.533,3.09,1.56,L,1,2,swinging_strike,strikeout,
2026-08-28,1,9,1,CH,Changeup,88.7,1765,2.19,5.89,1.41,0.43,1.136,2.241,3.27,1.65,R,0,0,ball,,
2026-08-28,1,9,2,FF,4-Seam Fastball,97.4,2355,1.61,6.18,0.39,1.48,-0.323,3.504,3.27,1.65,R,1,0,ball,,
2026-08-28,1,9,3,CH,Changeup,88.4,1737,2.27,5.83,1.5,0.19,0.58,1.806,3.27,1.65,R,2,0,swinging_strike,,
2026-08-28,1,9,4,FF,4-Seam Fastball,97.8,2288,1.73,6.19,0.41,1.37,-0.759,2.448,3.27,1.65,R,2,1,hit_into_play,field_out,89.3
2026-08-28,2,13,1,FF,4-Seam Fastball,96.5,2255,1.77,6.15,0.19,1.56,-0.363,2.252,3.26,1.64,R,0,0,called_strike,,
2026-08-28,2,13,2,FF,4-Seam Fastball,97.1,2255,1.38,6.17,0.16,1.48,-0.346,2.355,3.26,1.64,R,0,1,called_strike,,
2026-08-28,2,13,3,CH,Changeup,89.4,1619,2.02,5.99,1.39,0.39,-0.061,0.652,3.26,1.64,R,0,2,ball,,
2026-08-28,2,13,4,CH,Changeup,89.5,1776,2.06,5.91,1.06,0.51,-0.471,0.335,3.26,1.64,R,1,2,swinging_strike_blocked,strikeout,
2026-08-28,2,14,1,FF,4-Seam Fastball,97.1,2467,1.64,6.16,0.32,1.51,0.749,1.67,3.23,1.63,R,0,0,ball,,
2026-08-28,2,14,2,FF,4-Seam Fastball,96.3,2414,1.65,6.13,0.35,1.46,0.249,2.485,3.23,1.63,R,1,0,hit_into_play,field_out,95.2
2026-08-28,2,15,1,SL,Slider,89.8,2188,2.14,5.94,-0.29,0.01,1.061,2.612,3.23,1.63,R,0,0,ball,,
2026-08-28,2,15,2,CH,Changeup,87.4,1885,2.21,5.99,1.2,0.57,0.958,2.628,3.23,1.63,R,1,0,called_strike,,
2026-08-28,2,15,3,CH,Changeup,88.8,1917,2.07,5.95,1.35,0.64,-0.07,2.944,3.23,1.63,R,1,1,foul,,65.3
2026-08-28,2,15,4,CU,Curveball,81.4,2593,1.78,6.17,-0.66,-0.65,0.596,3.588,3.23,1.63,R,1,2,ball,,
2026-08-28,2,15,5,CH,Changeup,88.8,1847,2.17,5.94,1.32,0.61,-0.008,1.129,3.23,1.63,R,2,2,ball,,
2026-08-28,2,15,6,SL,Slider,92.5,2169,2.19,5.92,-0.12,0.5,-0.164,1.941,3.23,1.63,R,3,2,hit_into_play,field_out,84.9
2026-08-28,3,20,1,SI,Sinker,96.1,2299,1.81,6.03,1.06,0.92,-0.043,1.502,3.18,1.6,L,0,0,swinging_strike,,
2026-08-28,3,20,2,FF,4-Seam Fastball,96.7,2357,1.56,6.29,0.1,1.36,0.049,3.048,3.18,1.6,L,0,1,called_strike,,
2026-08-28,3,20,3,CH,Changeup,90.1,1944,2.07,5.94,1.04,0.16,0.571,0.965,3.18,1.6,L,0,2,swinging_strike,strikeout,
2026-08-28,3,21,1,CH,Changeup,89.2,1902,2.29,5.89,1.08,0.2,0.321,2.25,3.18,1.6,R,0,0,swinging_strike,,
2026-08-28,3,21,2,CH,Changeup,88.9,1854,2.19,5.83,1.1,0.12,1.411,2.067,3.18,1.6,R,0,1,foul,,62.9
2026-08-28,3,21,3,CH,Changeup,90.4,1890,2.29,5.83,1.04,0.11,1.016,1.103,3.18,1.6,R,0,2,foul,,61.2
2026-08-28,3,21,4,FF,4-Seam Fastball,99.6,2448,2.01,6.22,0.33,1.42,0.053,3.833,3.18,1.6,R,0,2,swinging_strike,strikeout,
2026-08-28,3,22,1,SL,Slider,92.0,2255,2.25,5.9,-0.11,0.5,0.806,0.858,3.13,1.58,R,0,0,ball,,
2026-08-28,3,22,2,SL,Slider,90.7,2219,2.21,5.88,-0.06,0.56,-0.042,2.029,3.13,1.58,R,1,0,called_strike,,
2026-08-28,3,22,3,CH,Changeup,86.9,1975,2.38,5.75,1.02,0.29,0.399,0.534,3.13,1.58,R,1,1,ball,,
2026-08-28,3,22,4,FF,4-Seam Fastball,97.6,2409,1.82,6.19,0.38,1.65,1.967,2.281,3.13,1.58,R,2,1,ball,,
2026-08-28,3,22,5,FF,4-Seam Fastball,96.2,2292,1.7,6.09,0.35,1.61,-0.015,2.187,3.13,1.58,R,3,1,foul,,87.0
2026-08-28,3,22,6,CH,Changeup,88.4,1872,2.11,5.85,1.4,0.19,-0.506,1.487,3.13,1.58,R,3,2,called_strike,strikeout,
2026-08-28,4,27,1,SL,Slider,89.6,2212,2.17,5.92,-0.29,0.31,0.005,1.715,3.09,1.56,R,0,0,called_strike,,
2026-08-28,4,27,2,CH,Changeup,87.2,1966,2.2,5.9,1.12,0.34,0.488,2.0,3.09,1.56,R,0,1,hit_into_play,field_out,99.7
2026-08-28,4,28,1,FF,4-Seam Fastball,97.7,2295,1.63,6.16,0.16,1.42,-0.629,1.252,3.09,1.56,L,0,0,ball,,
2026-08-28,4,28,2,SI,Sinker,96.9,2269,1.86,6.02,1.09,1.22,0.261,2.468,3.09,1.56,L,1,0,foul,,
2026-08-28,4,28,3,CH,Changeup,88.1,1941,2.22,5.92,1.27,0.15,0.12,1.706,3.09,1.56,L,1,1,hit_into_play,field_out,91.2
2026-08-28,4,29,1,FF,4-Seam Fastball,96.7,2168,1.61,6.21,0.21,1.4,0.218,2.813,3.27,1.65,R,0,0,called_strike,,
2026-08-28,4,29,2,SL,Slider,90.7,2134,2.19,5.91,-0.18,0.37,1.169,2.737,3.27,1.65,R,0,1,ball,,
2026-08-28,4,29,3,FF,4-Seam Fastball,98.0,2295,1.83,6.16,0.38,1.29,0.015,2.931,3.27,1.65,R,1,1,foul,,
2026-08-28,4,29,4,CH,Changeup,90.0,1827,2.27,5.92,1.01,0.47,1.623,1.47,3.27,1.65,R,1,2,ball,,
2026-08-28,4,29,5,CH,Changeup,89.8,1951,2.21,5.82,1.05,0.41,-0.672,1.547,3.27,1.65,R,2,2,foul,,98.7
2026-08-28,4,29,6,FF,4-Seam Fastball,99.2,2348,1.77,6.17,0.39,1.44,-0.165,3.3,3.27,1.65,R,2,2,foul,,81.8
2026-08-28,4,29,7,SL,Slider,93.1,2242,2.18,6.07,-0.42,0.44,-0.868,3.366,3.27,1.65,R,2,2,hit_into_play,field_out,36.3
2026-08-28,5,36,1,FF,4-Seam Fastball,95.2,2373,1.54,6.25,0.32,1.51,1.204,3.328,3.26,1.64,R,0,0,ball,,
2026-08-28,5,36,2,FF,4-Seam Fastball,94.8,2374,1.71,6.14,0.45,1.42,1.156,2.855,3.26,1.64,R,1,0,foul,,76.9
2026-08-28,5,36,3,SL,Slider,90.5,2099,2.01,6.02,-0.28,0.42,-0.519,2.855,3.26,1.64,R,1,1,hit_into_play,double,92.4
2026-08-28,5,37,1,CU,Curveball,77.3,2514,1.93,6.15,-0.89,-0.49,-1.114,2.467,3.23,1.63,R,0,0,ball,,
2026-08-28,5,37,2,CH,Changeup,85.0,1925,2.29,5.92,1.1,0.49,0.697,2.167,3.23,1.63,R,1,0,foul,,40.3
2026-08-28,5,37,3,CH,Changeup,86.3,1800,2.16,5.89,1.25,0.4,-0.747,0.356,3.23,1.63,R,1,1,blocked_ball,,
2026-08-28,5,37,4,FF,4-Seam Fastball,96.1,2327,1.57,6.22,0.35,1.61,-0.992,2.875,3.23,1.63,R,2,1,foul,,80.3
2026-08-28,5,37,5,CH,Changeup,87.7,1770,2.23,5.91,1.29,0.36,0.46,1.314,3.23,1.63,R,2,2,hit_into_play,field_out,67.8
2026-08-28,5,38,1,CH,Changeup,86.3,1776,2.1,5.91,1.35,0.4,-0.15,1.603,3.23,1.63,R,0,0,foul,,86.0
2026-08-28,5,38,2,FF,4-Seam Fastball,96.9,2381,1.79,6.23,0.44,1.5,-0.074,3.209,3.23,1.63,R,0,1,foul,,76.3
2026-08-28,5,38,3,CH,Changeup,87.3,1783,2.17,5.91,1.33,-0.04,1.108,1.975,3.23,1.63,R,0,2,foul,,63.3
2026-08-28,5,38,4,CH,Changeup,87.6,1811,2.19,5.88,1.04,0.23,-0.453,0.7,3.23,1.63,R,0,2,ball,,
2026-08-28,5,38,5,SL,Slider,90.6,2028,2.26,5.91,-0.17,0.52,0.61,1.775,3.23,1.63,R,1,2,called_strike,strikeout,
2026-08-28,5,39,1,FF,4-Seam Fastball,97.2,2290,1.67,6.17,0.17,1.33,-0.891,2.44,3.18,1.6,L,0,0,called_strike,,
2026-08-28,5,39,2,CH,Changeup,90.4,1901,2.23,5.82,1.16,0.12,-0.609,1.172,3.18,1.6,L,0,1,ball,,
2026-08-28,5,39,3,SI,Sinker,97.1,2185,1.72,6.11,1.16,0.98,-0.048,2.295,3.18,1.6,L,1,1,foul,,60.7
2026-08-28,5,39,4,FF,4-Seam Fastball,99.0,2363,1.7,6.29,0.36,1.45,-0.492,2.668,3.18,1.6,L,1,2,hit_into_play,triple,105.0
2026-08-28,5,40,1,CH,Changeup,87.8,1917,2.24,5.88,1.13,0.22,0.39,2.42,3.18,1.6,R,0,0,hit_into_play,field_out,100.5
2026-08-28,6,47,1,FF,4-Seam Fastball,94.6,2475,1.68,6.24,0.49,1.43,0.828,1.874,3.13,1.58,R,0,0,called_strike,,
2026-08-28,6,47,2,FF,4-Seam Fastball,96.2,2487,1.66,6.15,0.79,1.46,0.028,2.34,3.13,1.58,R,0,1,foul,,77.5
2026-08-28,6,47,3,CH,Changeup,90.0,2007,2.23,5.89,0.96,0.48,1.46,2.223,3.13,1.58,R,0,2,ball,,
2026-08-28,6,47,4,FF,4-Seam Fastball,98.7,2403,1.67,6.14,0.12,1.37,-0.652,2.932,3.13,1.58,R,1,2,foul,,74.4
2026-08-28,6,47,5,CU,Curveball,82.7,2542,1.75,6.03,-0.7,-0.27,-0.87,-0.058,3.13,1.58,R,1,2,ball,,
2026-08-28,6,47,6,CH,Changeup,87.7,1863,2.15,5.91,1.24,0.15,0.262,1.948,3.13,1.58,R,2,2,hit_into_play,single,94.9
2026-08-28,6,48,1,FF,4-Seam Fastball,96.3,2386,1.62,6.19,0.41,1.62,-1.331,2.694,3.09,1.56,R,0,0,ball,,
2026-08-28,6,48,2,FF,4-Seam Fastball,95.5,2315,1.55,6.19,0.29,1.61,-2.286,2.089,3.09,1.56,R,1,0,ball,,
2026-08-28,6,48,3,SL,Slider,90.2,2126,2.2,5.92,-0.08,0.53,-0.544,1.675,3.09,1.56,R,2,0,hit_into_play,force_out,110.2
2026-08-28,6,49,1,SL,Slider,89.7,2126,2.1,6.04,-0.32,0.43,0.109,3.75,3.09,1.56,L,0,0,ball,,
2026-08-28,6,49,2,SI,Sinker,96.4,2184,1.86,6.12,1.15,1.14,0.42,2.309,3.09,1.56,L,1,0,hit_into_play,field_out,85.4
2026-08-28,6,50,1,FF,4-Seam Fastball,97.1,2328,1.59,6.18,0.15,1.46,0.537,2.426,3.27,1.65,R,0,0,hit_into_play,field_out,100.9
2026-09-03,1,1,1,FF,4-Seam Fastball,96.4,2381,1.56,6.27,0.17,1.34,0.067,1.975,3.14,1.58,R,0,0,called_strike,,
2026-09-03,1,1,2,CH,Changeup,89.4,1773,2.0,6.0,1.32,0.21,0.085,1.201,3.14,1.58,R,0,1,ball,,
2026-09-03,1,1,3,CH,Changeup,87.7,1963,2.04,6.04,0.88,0.33,0.24,1.613,3.14,1.58,R,1,1,swinging_strike,,
2026-09-03,1,1,4,CH,Changeup,90.0,2002,1.94,6.09,0.67,0.42,-0.07,-0.137,3.14,1.58,R,1,2,ball,,
2026-09-03,1,1,5,FF,4-Seam Fastball,98.0,2236,1.53,6.4,0.18,1.27,0.168,4.175,3.14,1.58,R,2,2,ball,,
2026-09-03,1,1,6,FF,4-Seam Fastball,98.0,2258,1.67,6.25,0.15,1.35,-0.825,2.448,3.14,1.58,R,3,2,foul,,65.7
2026-09-03,1,1,7,CH,Changeup,89.0,1733,2.1,6.02,1.26,-0.02,0.843,2.197,3.14,1.58,R,3,2,hit_into_play,single,98.3
2026-09-03,1,2,1,CH,Changeup,87.1,1884,1.97,6.13,1.06,0.16,0.614,2.426,3.17,1.6,R,0,0,swinging_strike,,
2026-09-03,1,2,2,FF,4-Seam Fastball,95.7,2268,1.82,6.29,0.08,1.45,0.17,4.35,3.17,1.6,R,0,1,ball,,
2026-09-03,1,2,3,FF,4-Seam Fastball,96.5,2199,1.6,6.29,0.33,1.44,-0.553,2.5,3.17,1.6,R,1,1,foul,,74.4
2026-09-03,1,2,4,FF,4-Seam Fastball,97.5,2373,1.59,6.33,0.17,1.5,-0.158,2.521,3.17,1.6,R,1,2,foul,,75.6
2026-09-03,1,2,5,CU,Curveball,81.5,2566,1.98,6.29,-0.78,-0.17,0.124,1.196,3.17,1.6,R,1,2,ball,,
2026-09-03,1,2,6,CH,Changeup,88.5,1927,2.1,6.01,0.82,0.54,0.094,2.192,3.17,1.6,R,2,2,hit_into_play,single,96.7
2026-09-03,1,3,1,CH,Changeup,87.4,1850,2.12,6.07,0.99,-0.18,1.43,2.413,3.46,1.75,R,0,0,swinging_strike,,
2026-09-03,1,3,2,CH,Changeup,88.4,1884,2.13,6.1,0.78,0.26,1.686,2.486,3.46,1.75,R,0,1,ball,,
2026-09-03,1,3,3,FF,4-Seam Fastball,96.7,2276,1.54,6.37,0.02,1.47,-0.769,3.418,3.46,1.75,R,1,1,called_strike,,
2026-09-03,1,3,4,SL,Slider,90.4,2286,1.94,6.24,-0.46,0.29,-0.226,3.137,3.46,1.75,R,1,2,foul,,74.5
2026-09-03,1,3,5,FF,4-Seam Fastball,98.3,2368,1.61,6.34,0.16,1.38,-0.24,4.581,3.46,1.75,R,1,2,swinging_strike,strikeout,
2026-09-03,1,4,1,FF,4-Seam Fastball,97.8,2312,1.58,6.27,0.22,1.34,-0.935,2.609,3.34,1.69,R,0,0,ball,,
2026-09-03,1,4,2,FF,4-Seam Fastball,96.8,2427,1.55,6.43,0.13,1.54,-0.903,3.425,3.34,1.69,R,1,0,foul,,75.3
2026-09-03,1,4,3,CH,Changeup,87.2,1809,2.12,5.96,1.4,0.12,1.378,1.842,3.34,1.69,R,1,1,hit_into_play,single,82.5
2026-09-03,1,5,1,CH,Changeup,90.2,1960,2.05,6.09,0.93,0.66,-0.015,2.689,3.2,1.62,R,0,0,hit_into_play,double_play,102.4
2026-09-03,2,11,1,FF,4-Seam Fastball,96.2,2374,1.57,6.38,0.0,1.39,-0.971,2.631,3.1,1.56,R,0,0,foul,,93.2
2026-09-03,2,11,2,CU,Curveball,79.5,2541,1.79,6.37,-0.62,-0.36,0.597,1.781,3.1,1.56,R,0,1,called_strike,,
2026-09-03,2,11,3,FF,4-Seam Fastball,96.9,2384,1.81,6.32,0.14,1.43,0.657,3.082,3.1,1.56,R,0,2,foul_tip,strikeout,
2026-09-03,2,12,1,FF,4-Seam Fastball,97.5,2322,1.57,6.38,0.04,1.47,-0.9,2.897,3.14,1.59,R,0,0,ball,,
2026-09-03,2,12,2,SL,Slider,89.2,2063,2.06,6.16,-0.24,0.29,-0.535,2.144,3.14,1.59,R,1,0,foul,,
2026-09-03,2,12,3,FF,4-Seam Fastball,97.1,2214,1.71,6.33,0.23,1.34,-0.149,3.053,3.14,1.59,R,1,1,hit_into_play,single,98.1
2026-09-03,2,13,1,SI,Sinker,96.5,2122,1.7,6.3,1.13,0.99,-0.538,2.721,3.11,1.57,L,0,0,called_strike,,
2026-09-03,2,13,2,SI,Sinker,97.1,2072,1.81,6.29,0.99,1.09,1.522,1.144,3.11,1.57,L,0,1,ball,,
2026-09-03,2,13,3,FF,4-Seam Fastball,95.5,2244,1.49,6.4,0.24,1.39,-0.672,1.988,3.11,1.57,L,1,1,hit_into_play,field_out,84.6
2026-09-03,2,14,1,CU,Curveball,79.1,2568,1.78,6.28,-0.75,-0.3,-0.795,1.154,3.17,1.6,R,0,0,ball,,
2026-09-03,2,14,2,FF,4-Seam Fastball,95.9,2260,1.65,6.27,0.37,1.43,-0.853,2.62,3.17,1.6,R,1,0,ball,,
2026-09-03,2,14,3,SI,Sinker,95.7,2187,1.68,6.23,1.23,0.88,-0.906,1.615,3.17,1.6,R,2,0,ball,,
2026-09-03,2,14,4,FF,4-Seam Fastball,95.1,2258,1.59,6.33,0.36,1.5,-0.607,1.715,3.17,1.6,R,3,0,called_strike,,
2026-09-03,2,14,5,SL,Slider,90.3,1980,1.97,6.13,-0.08,0.48,-0.42,2.012,3.17,1.6,R,3,1,hit_into_play,single,94.2
2026-09-03,2,15,1,CU,Curveball,79.9,2486,1.94,6.28,-0.66,-0.38,0.633,2.668,3.14,1.58,R,0,0,called_strike,,
2026-09-03,2,15,2,SL,Slider,89.5,2113,2.22,6.15,-0.24,0.43,1.499,3.05,3.14,1.58,R,0,1,ball,,
2026-09-03,2,15,3,FF,4-Seam Fastball,95.6,2268,1.69,6.36,0.18,1.46,-0.055,3.884,3.14,1.58,R,1,1,ball,,
2026-09-03,2,15,4,CH,Changeup,86.5,1708,2.2,6.13,1.01,0.61,0.882,2.658,3.14,1.58,R,2,1,foul,,
2026-09-03,2,15,5,FF,4-Seam Fastball,96.9,2293,1.82,6.37,0.53,1.29,-0.253,1.741,3.14,1.58,R,2,2,called_strike,strikeout,
2026-09-03,3,20,1,FF,4-Seam Fastball,95.2,2276,1.67,6.33,-0.06,1.39,0.096,3.076,3.17,1.6,R,0,0,called_strike,,
2026-09-03,3,20,2,CU,Curveball,81.5,2584,1.78,6.33,-0.74,-0.4,-0.659,-0.029,3.17,1.6,R,0,1,ball,,
2026-09-03,3,20,3,FF,4-Seam Fastball,94.7,2334,1.83,6.41,0.42,1.51,0.668,2.737,3.17,1.6,R,1,1,hit_into_play,single,106.0
2026-09-03,3,21,1,CH,Changeup,86.8,1766,2.14,6.16,1.17,0.02,0.823,2.637,3.46,1.75,R,0,0,swinging_strike,,
2026-09-03,3,21,2,FF,4-Seam Fastball,95.1,2311,1.75,6.4,0.39,1.4,-0.513,4.563,3.46,1.75,R,0,1,ball,,
2026-09-03,3,21,3,FF,4-Seam Fastball,94.6,2256,1.72,6.25,0.37,1.32,-0.823,3.647,3.46,1.75,R,1,1,foul,,65.9
2026-09-03,3,21,4,SL,Slider,91.2,2227,2.11,6.19,-0.39,0.44,-0.137,1.677,3.46,1.75,R,1,2,called_strike,strikeout,
2026-09-03,3,22,1,CU,Curveball,80.0,2538,1.83,6.36,-0.76,-0.31,-0.372,1.668,3.34,1.69,R,0,0,called_strike,,
2026-09-03,3,22,2,SL,Slider,92.6,2256,2.17,6.07,-0.21,0.23,-0.875,1.476,3.34,1.69,R,0,1,swinging_strike,,
2026-09-03,3,22,3,SL,Slider,92.1,2276,2.08,6.2,-0.27,0.25,-1.24,0.622,3.34,1.69,R,0,2,blocked_ball,,
2026-09-03,3,22,4,FF,4-Seam Fastball,97.8,2251,1.81,6.31,0.16,1.37,0.511,3.979,3.34,1.69,R,1,2,swinging_strike,strikeout,
2026-09-03,3,23,1,FF,4-Seam Fastball,96.7,2301,1.78,6.28,0.22,1.32,-1.027,1.559,3.2,1.62,R,0,0,ball,,
2026-09-03,3,23,2,SI,Sinker,97.7,2222,1.6,6.25,0.98,1.16,-0.939,2.107,3.2,1.62,R,1,0,ball,,
2026-09-03,3,23,3,FF,4-Seam Fastball,95.9,2245,1.54,6.34,0.27,1.39,0.07,3.285,3.2,1.62,R,2,0,hit_into_play,single,101.7
2026-09-03,3,24,1,CH,Changeup,90.1,1921,2.25,6.08,1.37,0.48,0.054,2.042,3.1,1.56,R,0,0,hit_into_play,single,86.4
2026-09-03,3,25,1,CU,Curveball,80.7,2577,1.81,6.26,-0.43,-0.48,-0.09,1.077,3.14,1.59,R,0,0,ball,,
2026-09-03,3,25,2,SL,Slider,91.2,2151,2.29,6.06,-0.21,0.57,1.105,2.466,3.14,1.59,R,1,0,ball,,
2026-09-03,3,25,3,SI,Sinker,95.4,2119,1.88,6.22,1.02,1.03,-0.331,2.59,3.14,1.59,R,2,0,foul,,78.2
2026-09-03,3,25,4,CH,Changeup,87.9,1748,2.31,6.01,1.28,0.47,0.973,1.635,3.14,1.59,R,2,1,hit_into_play,field_out,59.3
2026-09-03,4,32,1,SI,Sinker,94.5,2115,1.67,6.29,1.12,0.9,-0.717,1.338,3.11,1.57,L,0,0,ball,,
2026-09-03,4,32,2,SI,Sinker,95.8,2220,1.85,6.29,1.24,0.83,-0.874,2.133,3.11,1.57,L,1,0,ball,,
2026-09-03,4,32,3,FF,4-Seam Fastball,94.0,2224,1.95,6.4,0.32,1.54,0.543,2.753,3.11,1.57,L,2,0,hit_into_play,field_out,89.6
2026-09-03,4,33,1,SL,Slider,90.0,2200,2.12,6.19,-0.19,0.6,1.394,2.232,3.17,1.6,R,0,0,ball,,
2026-09-03,4,33,2,FF,4-Seam Fastball,94.4,2261,1.72,6.4,0.34,1.4,-0.076,2.803,3.17,1.6,R,1,0,foul,,70.5
2026-09-03,4,33,3,CU,Curveball,79.4,2561,1.79,6.35,-0.91,-0.31,0.558,3.019,3.17,1.6,R,1,1,called_strike,,
2026-09-03,4,33,4,FF,4-Seam Fastball,97.1,2362,1.73,6.44,0.16,1.44,0.363,4.432,3.17,1.6,R,1,2,ball,,
2026-09-03,4,33,5,CH,Changeup,88.7,1741,2.09,6.13,1.11,0.69,0.934,0.769,3.17,1.6,R,2,2,ball,,
2026-09-03,4,33,6,FF,4-Seam Fastball,96.4,2196,1.71,6.4,0.16,1.22,-1.034,2.385,3.17,1.6,R,3,2,hit_into_play,field_out,62.5
2026-09-03,4,34,1,SL,Slider,90.1,2146,2.1,6.2,-0.2,0.46,0.712,1.6,3.14,1.58,R,0,0,called_strike,,
2026-09-03,4,34,2,CH,Changeup,88.9,1763,2.05,6.15,1.06,0.15,0.679,1.494,3.14,1.58,R,0,1,foul,,76.9
2026-09-03,4,34,3,CH,Changeup,87.7,1754,2.09,6.07,1.05,0.6,1.312,0.825,3.14,1.58,R,0,2,ball,,
2026-09-03,4,34,4,FF,4-Seam Fastball,95.9,2253,1.81,6.38,0.24,1.33,-0.536,2.352,3.14,1.58,R,1,2,hit_into_play,field_out,86.4
2026-09-03,5,38,1,FF,4-Seam Fastball,95.7,2418,1.87,6.41,0.24,1.45,-0.526,3.02,3.17,1.6,R,0,0,hit_into_play,field_out,88.9
2026-09-03,5,39,1,CU,Curveball,79.6,2629,1.91,6.3,-0.71,-0.26,0.321,2.652,3.46,1.75,R,0,0,called_strike,,
2026-09-03,5,39,2,FF,4-Seam Fastball,96.0,2387,1.69,6.42,0.28,1.42,-0.177,3.11,3.46,1.75,R,0,1,swinging_strike,,
2026-09-03,5,39,3,FF,4-Seam Fastball,98.5,2376,1.93,6.36,0.14,1.35,-0.822,3.453,3.46,1.75,R,0,2,foul,,45.1
2026-09-03,5,39,4,CH,Changeup,90.4,1840,2.28,6.12,1.23,0.23,2.593,2.552,3.46,1.75,R,0,2,ball,,
2026-09-03,5,39,5,CH,Changeup,88.6,1854,2.42,6.06,1.03,0.31,1.98,2.141,3.46,1.75,R,1,2,ball,,
2026-09-03,5,39,6,SL,Slider,92.7,2106,2.38,6.12,-0.17,0.57,0.52,3.077,3.46,1.75,R,2,2,hit_into_play,single,102.1
2026-09-03,5,40,1,FF,4-Seam Fastball,95.4,2300,1.86,6.33,0.2,1.49,-0.349,3.756,3.34,1.69,R,0,0,hit_into_play,field_out,68.9
2026-09-03,6,47,1,SI,Sinker,95.1,2241,1.91,6.26,1.22,0.9,-0.337,2.458,3.2,1.62,R,0,0,called_strike,,
2026-09-03,6,47,2,FF,4-Seam Fastball,95.5,2361,1.77,6.24,0.13,1.34,0.028,3.577,3.2,1.62,R,0,1,foul,,80.2
2026-09-03,6,47,3,FF,4-Seam Fastball,96.5,2393,1.7,6.33,0.09,1.39,0.103,2.065,3.2,1.62,R,0,2,hit_into_play,single,104.9
2026-09-03,6,48,1,SI,Sinker,96.1,2198,1.77,6.19,0.9,1.2,0.056,3.137,3.1,1.56,R,0,0,called_strike,,
2026-09-03,6,48,2,CH,Changeup,88.5,1913,2.12,6.13,0.94,0.48,0.797,1.42,3.1,1.56,R,0,1,swinging_strike,,
2026-09-03,6,48,3,FF,4-Seam Fastball,97.9,2283,1.9,6.34,0.23,1.37,0.884,3.841,3.1,1.56,R,0,2,ball,,
2026-09-03,6,48,4,CH,Changeup,89.6,2061,2.1,5.97,1.21,0.59,0.374,0.831,3.1,1.56,R,1,2,blocked_ball,,
2026-09-03,6,48,5,FF,4-Seam Fastball,95.8,2313,1.96,6.28,0.33,1.41,0.537,2.16,3.1,1.56,R,2,2,foul,,80.9
2026-09-03,6,48,6,FF,4-Seam Fastball,97.1,2186,1.86,6.21,0.11,1.33,-1.313,2.972,3.1,1.56,R,2,2,ball,,
2026-09-03,6,48,7,FF,4-Seam Fastball,96.7,2191,2.03,6.26,0.26,1.36,-0.121,2.532,3.1,1.56,R,3,2,hit_into_play,field_out,78.3
2026-09-03,6,49,1,CH,Changeup,89.4,1911,2.31,5.96,0.78,0.56,0.1,1.679,3.14,1.59,R,0,0,foul,,75.4
2026-09-03,6,49,2,FF,4-Seam Fastball,96.9,2190,1.81,6.36,0.25,1.34,0.995,4.69,3.14,1.59,R,0,1,ball,,
2026-09-03,6,49,3,CU,Curveball,81.0,2515,1.87,6.14,-0.77,-0.28,-0.217,0.407,3.14,1.59,R,1,1,blocked_ball,,
2026-09-03,6,49,4,CU,Curveball,82.0,2551,1.96,6.21,-0.6,-0.43,-0.185,1.393,3.14,1.59,R,2,1,swinging_strike,,
2026-09-03,6,49,5,FF,4-Seam Fastball,97.1,2393,1.8,6.35,0.14,1.57,0.632,3.999,3.14,1.59,R,2,2,ball,,
2026-09-03,6,49,6,SL,Slider,90.4,2103,2.5,6.09,-0.17,0.33,1.257,2.592,3.14,1.59,R,3,2,ball,walk,
2026-09-03,6,50,1,SL,Slider,91.1,2158,2.0,6.18,-0.31,0.36,-0.625,1.497,3.11,1.57,L,0,0,foul,,59.9
2026-09-03,6,50,2,SI,Sinker,97.2,2183,1.99,6.18,1.18,1.03,0.933,2.011,3.11,1.57,L,0,1,swinging_strike,,
2026-09-03,6,50,3,FF,4-Seam Fastball,97.4,2295,1.72,6.34,0.11,1.38,0.382,2.793,3.11,1.57,L,0,2,foul,,83.0
2026-09-03,6,50,4,SI,Sinker,97.9,2221,1.94,6.12,1.25,0.85,0.687,1.794,3.11,1.57,L,0,2,foul,,
2026-09-03,6,50,5,CH,Changeup,90.2,1862,2.21,5.95,0.9,0.38,-0.027,1.595,3.11,1.57,L,0,2,swinging_strike,strikeout,
